{
  "entrypoints": [
    "main"
  ],
  "origins": {
    "937": [
      937
    ],
    "17896441": [
      869,
      401
    ],
    "main": [
      354,
      869,
      792
    ],
    "runtime~main": [
      792,
      869,
      354
    ],
    "0301aec7": [
      197
    ],
    "036d0a8b": [
      529
    ],
    "052090d0": [
      683
    ],
    "1c343b6c": [
      468
    ],
    "1df93b7f": [
      583
    ],
    "256a7187": [
      724
    ],
    "2704fbb8": [
      904
    ],
    "29396f15": [
      598
    ],
    "440089a0": [
      969
    ],
    "45aa2364": [
      79
    ],
    "4b815060": [
      57
    ],
    "55f8fa55": [
      462
    ],
    "5e95c892": [
      647
    ],
    "66cda1da": [
      373
    ],
    "69b50fc9": [
      549
    ],
    "7f1a77f7": [
      81
    ],
    "844b594e": [
      262
    ],
    "8ffc0dc7": [
      254
    ],
    "9747015d": [
      102
    ],
    "9a81852f": [
      221
    ],
    "9c959559": [
      533
    ],
    "a5987a57": [
      346
    ],
    "a7456010": [
      235
    ],
    "a7bd4aaa": [
      98
    ],
    "a85d1535": [
      173
    ],
    "a94703ab": [
      869,
      48
    ],
    "aba21aa0": [
      742
    ],
    "cf39929f": [
      884
    ],
    "da446c75": [
      671
    ],
    "e2430bbd": [
      953
    ],
    "eb9b1152": [
      220
    ],
    "f0764403": [
      865
    ],
    "f2dc3217": [
      987
    ],
    "f5f4b435": [
      308
    ],
    "fc140ce7": [
      6
    ],
    "styles": [
      48,
      354,
      401,
      792,
      869
    ]
  },
  "assets": {
    "6": {
      "js": [
        {
          "file": "assets/js/fc140ce7.93613c58.js",
          "hash": "94037c3178280c95",
          "publicPath": "/workmate_os/assets/js/fc140ce7.93613c58.js"
        }
      ]
    },
    "48": {
      "js": [
        {
          "file": "assets/js/a94703ab.225cb73f.js",
          "hash": "5eee78db7973f92f",
          "publicPath": "/workmate_os/assets/js/a94703ab.225cb73f.js"
        }
      ]
    },
    "57": {
      "js": [
        {
          "file": "assets/js/4b815060.ec69ae25.js",
          "hash": "2e616f8b5f5cfdae",
          "publicPath": "/workmate_os/assets/js/4b815060.ec69ae25.js"
        }
      ]
    },
    "79": {
      "js": [
        {
          "file": "assets/js/45aa2364.9b6a6c37.js",
          "hash": "d63ea41c28393e6b",
          "publicPath": "/workmate_os/assets/js/45aa2364.9b6a6c37.js"
        }
      ]
    },
    "81": {
      "js": [
        {
          "file": "assets/js/7f1a77f7.29fab765.js",
          "hash": "2d1f10e7ebd0659c",
          "publicPath": "/workmate_os/assets/js/7f1a77f7.29fab765.js"
        }
      ]
    },
    "98": {
      "js": [
        {
          "file": "assets/js/a7bd4aaa.b07a63fa.js",
          "hash": "edb733ed94632db3",
          "publicPath": "/workmate_os/assets/js/a7bd4aaa.b07a63fa.js"
        }
      ]
    },
    "102": {
      "js": [
        {
          "file": "assets/js/9747015d.ee62a375.js",
          "hash": "964ffa7bf614826b",
          "publicPath": "/workmate_os/assets/js/9747015d.ee62a375.js"
        }
      ]
    },
    "173": {
      "js": [
        {
          "file": "assets/js/a85d1535.fd5c8d6a.js",
          "hash": "a6b1f41f0f60954d",
          "publicPath": "/workmate_os/assets/js/a85d1535.fd5c8d6a.js"
        }
      ]
    },
    "197": {
      "js": [
        {
          "file": "assets/js/0301aec7.1f28d55f.js",
          "hash": "1a31b2b67c87944d",
          "publicPath": "/workmate_os/assets/js/0301aec7.1f28d55f.js"
        }
      ]
    },
    "220": {
      "js": [
        {
          "file": "assets/js/eb9b1152.10eaeb01.js",
          "hash": "d19aac0525b5e153",
          "publicPath": "/workmate_os/assets/js/eb9b1152.10eaeb01.js"
        }
      ]
    },
    "221": {
      "js": [
        {
          "file": "assets/js/9a81852f.4bd71399.js",
          "hash": "b6e5e0b6036d6252",
          "publicPath": "/workmate_os/assets/js/9a81852f.4bd71399.js"
        }
      ]
    },
    "235": {
      "js": [
        {
          "file": "assets/js/a7456010.d9d3f19b.js",
          "hash": "b62418303a658afc",
          "publicPath": "/workmate_os/assets/js/a7456010.d9d3f19b.js"
        }
      ]
    },
    "254": {
      "js": [
        {
          "file": "assets/js/8ffc0dc7.49121e32.js",
          "hash": "1a971dae8c56aca8",
          "publicPath": "/workmate_os/assets/js/8ffc0dc7.49121e32.js"
        }
      ]
    },
    "262": {
      "js": [
        {
          "file": "assets/js/844b594e.ae2fa141.js",
          "hash": "a2c771c6cb5d42a2",
          "publicPath": "/workmate_os/assets/js/844b594e.ae2fa141.js"
        }
      ]
    },
    "308": {
      "js": [
        {
          "file": "assets/js/f5f4b435.4ab323e7.js",
          "hash": "fdff931a0d150704",
          "publicPath": "/workmate_os/assets/js/f5f4b435.4ab323e7.js"
        }
      ]
    },
    "346": {
      "js": [
        {
          "file": "assets/js/a5987a57.6293aa07.js",
          "hash": "6e10509cc7b1bb3e",
          "publicPath": "/workmate_os/assets/js/a5987a57.6293aa07.js"
        }
      ]
    },
    "354": {
      "js": [
        {
          "file": "assets/js/runtime~main.39a08c66.js",
          "hash": "7d63cba249c372b6",
          "publicPath": "/workmate_os/assets/js/runtime~main.39a08c66.js"
        }
      ]
    },
    "373": {
      "js": [
        {
          "file": "assets/js/66cda1da.b8571142.js",
          "hash": "a01fb8163c6789e7",
          "publicPath": "/workmate_os/assets/js/66cda1da.b8571142.js"
        }
      ]
    },
    "401": {
      "js": [
        {
          "file": "assets/js/17896441.d3676a1c.js",
          "hash": "a4f9eb20f1ca2824",
          "publicPath": "/workmate_os/assets/js/17896441.d3676a1c.js"
        }
      ]
    },
    "462": {
      "js": [
        {
          "file": "assets/js/55f8fa55.98dde5d3.js",
          "hash": "b686a8dae34797c4",
          "publicPath": "/workmate_os/assets/js/55f8fa55.98dde5d3.js"
        }
      ]
    },
    "468": {
      "js": [
        {
          "file": "assets/js/1c343b6c.4c43c826.js",
          "hash": "b11acde91f221504",
          "publicPath": "/workmate_os/assets/js/1c343b6c.4c43c826.js"
        }
      ]
    },
    "529": {
      "js": [
        {
          "file": "assets/js/036d0a8b.75a1cf48.js",
          "hash": "706f537bea92835f",
          "publicPath": "/workmate_os/assets/js/036d0a8b.75a1cf48.js"
        }
      ]
    },
    "533": {
      "js": [
        {
          "file": "assets/js/9c959559.efadc94e.js",
          "hash": "9dccada6d5def8bd",
          "publicPath": "/workmate_os/assets/js/9c959559.efadc94e.js"
        }
      ]
    },
    "549": {
      "js": [
        {
          "file": "assets/js/69b50fc9.0731e502.js",
          "hash": "db25aba7d8b297f5",
          "publicPath": "/workmate_os/assets/js/69b50fc9.0731e502.js"
        }
      ]
    },
    "583": {
      "js": [
        {
          "file": "assets/js/1df93b7f.1440b9dd.js",
          "hash": "31119f13efa24d79",
          "publicPath": "/workmate_os/assets/js/1df93b7f.1440b9dd.js"
        }
      ]
    },
    "598": {
      "js": [
        {
          "file": "assets/js/29396f15.f78236c3.js",
          "hash": "fe57d0d6e11ef877",
          "publicPath": "/workmate_os/assets/js/29396f15.f78236c3.js"
        }
      ]
    },
    "647": {
      "js": [
        {
          "file": "assets/js/5e95c892.da6a1350.js",
          "hash": "ae82e9f15b6d5644",
          "publicPath": "/workmate_os/assets/js/5e95c892.da6a1350.js"
        }
      ]
    },
    "671": {
      "js": [
        {
          "file": "assets/js/da446c75.d353ef1d.js",
          "hash": "275c8647bbd67ef7",
          "publicPath": "/workmate_os/assets/js/da446c75.d353ef1d.js"
        }
      ]
    },
    "683": {
      "js": [
        {
          "file": "assets/js/052090d0.03013b53.js",
          "hash": "02e33f4d01d8026b",